observable,condition,alpha,mean,ci_lo,ci_hi
Sc,H,0.01,24.813387200331427,12.958077284612248,36.66869711605061
Sc,H,0.065,3.9828388538769284,2.2475927191519913,5.718084988601865
Sc,H,0.12000000000000001,0.3172031413571865,0.2417670797544501,0.39263920295992294
Sc,H,0.17500000000000004,0.18013539244427407,0.1367851922188469,0.22348559266970122
Sc,H,0.23000000000000004,0.17992019126990794,0.14722362265754557,0.2126167598822703
Sc,H,0.28500000000000003,0.2116593140102713,0.17807035196445528,0.24524827605608732
Sc,H,0.3400000000000001,0.2480956466721222,0.2166071058453835,0.2795841874988609
Sc,H,0.3950000000000001,0.3085210649337459,0.27541786117249534,0.3416242686949965
Sc,H,0.45000000000000007,0.3682036453365222,0.33222859636392277,0.4041786943091217
Sc,H,0.505,0.43744513707619703,0.3992019850742094,0.47568828907818467
Sc,H,0.56,0.5138487828529186,0.47233733382710097,0.5553602318787362
Sc,H,0.6150000000000001,0.5837738870400654,0.5393339870910296,0.6282137869891011
Sc,H,0.6700000000000002,0.657897083481207,0.6091734423108052,0.7066207246516089
Sc,H,0.7250000000000001,0.7389141762254049,0.6877439489352161,0.7900844035155937
Sc,H,0.7800000000000001,0.811543281114577,0.7554118485285182,0.8676747137006358
Sc,H,0.8350000000000001,0.8894789598634766,0.8309998262173356,0.9479580935096176
Sc,H,0.8900000000000001,0.971334140768646,0.9051985385162894,1.0374697430210027
Sc,H,0.9450000000000002,1.0436539104398537,0.9760307136366194,1.111277107243088
Sc,H,1.0,1.121784613430428,1.0486980488808126,1.1948711779800432
Sc,H,1.0550000000000002,1.1980650571922244,1.1192997402239042,1.2768303741605447
Sc,H,1.11,1.2763668360495237,1.1914350044212907,1.3612986676777568
Sc,D,0.01,39.24916803922144,30.220826428745156,48.27750964969772
Sc,D,0.065,12.383581945800646,5.5076692243471355,19.259494667254156
Sc,D,0.12000000000000001,2.1576817717995995,1.5375748542348027,2.7777886893643964
Sc,D,0.17500000000000004,0.9152093794911258,0.8389144187902806,0.991504340191971
Sc,D,0.23000000000000004,0.7855888814043055,0.7202197551444252,0.8509580076641858
Sc,D,0.28500000000000003,0.842934397213076,0.7757444894993266,0.9101243049268253
Sc,D,0.3400000000000001,0.9432481734783884,0.8739452400204057,1.012551106936371
Sc,D,0.3950000000000001,1.0804567225058517,1.0058476895668624,1.155065755444841
Sc,D,0.45000000000000007,1.2141571528052606,1.1262037810292151,1.302110524581306
Sc,D,0.505,1.3671260258268145,1.2719794195851761,1.462272632068453
Sc,D,0.56,1.5293402481736131,1.4219604669937769,1.6367200293534494
Sc,D,0.6150000000000001,1.672711569472734,1.5564497258109111,1.7889734131345567
Sc,D,0.6700000000000002,1.8440952801262287,1.7068139109915916,1.9813766492608658
Sc,D,0.7250000000000001,2.0223264754982333,1.8662735023185995,2.178379448677867
Sc,D,0.7800000000000001,2.1865237850847556,2.015737152383433,2.357310417786078
Sc,D,0.8350000000000001,2.3736835868001718,2.1839897585522485,2.563377415048095
Sc,D,0.8900000000000001,2.573479876183371,2.3611247211034265,2.7858350312633156
Sc,D,0.9450000000000002,2.7688447840223747,2.526381562284196,3.0113080057605535
Sc,D,1.0,2.992600507796115,2.7155084393380666,3.269692576254163
Sc,D,1.0550000000000002,3.2335574959393263,2.9111376635410187,3.555977328337634
Sc,D,1.11,3.4673355924079585,3.1107621672490278,3.8239090175668893
chi,H,0.01,5.498503966113974,3.5640308576067588,7.432977074621189
chi,H,0.065,40.452132674515596,29.876229365848378,51.02803598318282
chi,H,0.12000000000000001,74.28887300113902,65.94820953379921,82.62953646847883
chi,H,0.17500000000000004,61.97436504203655,55.03229536473618,68.91643471933692
chi,H,0.23000000000000004,47.47434157500081,40.85074691560247,54.09793623439914
chi,H,0.28500000000000003,29.306559980686167,24.390233721994335,34.222886239378
chi,H,0.3400000000000001,20.734535113688995,16.13246025377549,25.3366099736025
chi,H,0.3950000000000001,13.193291012597976,10.975806975131253,15.4107750500647
chi,H,0.45000000000000007,9.67821429012076,7.8684667746985575,11.487961805542962
chi,H,0.505,6.5424748141346445,5.4485120362977515,7.6364375919715375
chi,H,0.56,5.004275832754458,4.119094055744957,5.8894576097639595
chi,H,0.6150000000000001,4.101196768497327,3.6585171161687264,4.543876420825928
chi,H,0.6700000000000002,3.578429916059278,3.2207339415975453,3.936125890521011
chi,H,0.7250000000000001,3.2993610764320103,3.131590176264357,3.4671319765996635
chi,H,0.7800000000000001,3.093304130716703,2.926399262633069,3.260208998800337
chi,H,0.8350000000000001,3.044976933985666,2.903988957186027,3.1859649107853047
chi,H,0.8900000000000001,2.9326969831480376,2.813848335465646,3.051545630830429
chi,H,0.9450000000000002,2.9619370170418424,2.848059951279545,3.07581408280414
chi,H,1.0,2.931581928602629,2.790057628409592,3.073106228795666
chi,H,1.0550000000000002,2.968941544052619,2.8525383842616674,3.0853447038435706
chi,H,1.11,3.0302383952579692,2.914203431839755,3.1462733586761833
chi,D,0.01,0.5949836294319866,0.523686851268838,0.6662804075951352
chi,D,0.065,20.274936742837994,11.221603568683243,29.328269916992745
chi,D,0.12000000000000001,19.817411427540435,11.314373684584984,28.320449170495884
chi,D,0.17500000000000004,6.505390514838156,3.907594318401826,9.103186711274487
chi,D,0.23000000000000004,2.7260125496664145,1.8281095347567429,3.623915564576086
chi,D,0.28500000000000003,2.121415520642458,1.5721607612233703,2.6706702800615454
chi,D,0.3400000000000001,1.4470242604747874,1.3363416352500403,1.5577068856995344
chi,D,0.3950000000000001,1.3435450541826288,1.2456789135837438,1.4414111947815138
chi,D,0.45000000000000007,1.2919026165293612,1.202200104079143,1.3816051289795794
chi,D,0.505,1.281586182406187,1.2193435051076265,1.3438288597047474
chi,D,0.56,1.2713643883492498,1.218967184601169,1.3237615920973307
chi,D,0.6150000000000001,1.3351618945897048,1.2834151164411745,1.3869086727382351
chi,D,0.6700000000000002,1.4036556254702148,1.3642705661867873,1.4430406847536423
chi,D,0.7250000000000001,1.4369340824615229,1.3846322748423874,1.4892358900806584
chi,D,0.7800000000000001,1.5016886886081515,1.4564150558623798,1.5469623213539232
chi,D,0.8350000000000001,1.5587864767096882,1.5147763660550473,1.602796587364329
chi,D,0.8900000000000001,1.6214482454280166,1.5768570538057838,1.6660394370502494
chi,D,0.9450000000000002,1.6862309223060024,1.6410770153820973,1.7313848292299074
chi,D,1.0,1.7635124743918063,1.7229216463190247,1.8041033024645878
chi,D,1.0550000000000002,1.8418205239250618,1.7780668597252165,1.905574188124907
chi,D,1.11,1.910472843664941,1.8466777231408538,1.9742679641890282
corr,H,0.01,0.9601612577476162,0.8760293225844644,1.044293192910768
corr,H,0.065,1.0735451521724833,0.9822697114685206,1.164820592876446
corr,H,0.12000000000000001,0.870057568822212,0.7833532984231538,0.9567618392212701
corr,H,0.17500000000000004,0.8307897748978554,0.6717023842479185,0.9898771655477924
corr,H,0.23000000000000004,0.931701343529815,0.816678618828736,1.046724068230894
corr,H,0.28500000000000003,0.881142391766061,0.7603103642288198,1.0019744193033022
corr,H,0.3400000000000001,0.8669356994209748,0.7696964182302084,0.9641749806117412
corr,H,0.3950000000000001,0.7821226618710999,0.6538113481792373,0.9104339755629626
corr,H,0.45000000000000007,0.6944289125603414,0.5868428954553631,0.8020149296653198
corr,H,0.505,0.7102789812452089,0.602084982434383,0.8184729800560349
corr,H,0.56,0.775,0.6086429015324974,0.9413570984675026
corr,H,0.6150000000000001,0.9203114158724128,0.4951365003554179,1.3454863313894077
corr,H,0.6700000000000002,0.575,0.4947205538529057,0.6552794461470942
corr,H,0.7250000000000001,0.625,0.5276468717557192,0.7223531282442808
corr,H,0.7800000000000001,0.6,0.5100690323227398,0.6899309676772601
corr,H,0.8350000000000001,0.6,0.5100690323227397,0.6899309676772603
corr,H,0.8900000000000001,0.6,0.5100690323227397,0.6899309676772603
corr,H,0.9450000000000002,0.525,0.476,0.5740000000000001
corr,H,1.0,0.725,0.518024410287488,0.9319755897125119
corr,H,1.0550000000000002,0.575,0.4947205538529057,0.6552794461470942
corr,H,1.11,0.55,0.4825517742420549,0.6174482257579452
corr,D,0.01,0.9917292479802831,0.8455103354035653,1.1379481605570008
corr,D,0.065,1.0719951794908618,0.9945942402387921,1.1493961187429316
corr,D,0.12000000000000001,0.8825687294174209,0.7695264556395258,0.995611003195316
corr,D,0.17500000000000004,0.9855030313254218,0.9165828210521939,1.0544232415986499
corr,D,0.23000000000000004,0.9640810148936139,0.7321619583011942,1.1960000714860335
corr,D,0.28500000000000003,0.7780992860879274,0.6648325044678093,0.8913660677080456
corr,D,0.3400000000000001,0.9847436151619864,0.5870160157796567,1.382471214544316
corr,D,0.3950000000000001,0.7308736213867636,0.5910934390441815,0.8706538037293456
corr,D,0.45000000000000007,0.693322679294622,0.5861191253725231,0.8005262332167209
corr,D,0.505,0.725,0.5586429015324975,0.8913570984675024
corr,D,0.56,0.675,0.5117096547798822,0.8382903452201179
corr,D,0.6150000000000001,0.575,0.4947205538529057,0.6552794461470942
corr,D,0.6700000000000002,0.525,0.47600000000000003,0.5740000000000001
corr,D,0.7250000000000001,0.575,0.4947205538529057,0.6552794461470942
corr,D,0.7800000000000001,0.6,0.5100690323227397,0.6899309676772603
corr,D,0.8350000000000001,0.575,0.4947205538529057,0.6552794461470942
corr,D,0.8900000000000001,0.6,0.5100690323227398,0.6899309676772601
corr,D,0.9450000000000002,0.525,0.47600000000000003,0.5740000000000001
corr,D,1.0,0.5,0.5,0.5
corr,D,1.0550000000000002,0.6,0.5100690323227397,0.6899309676772603
corr,D,1.11,0.625,0.4680227974982891,0.7819772025017109
Rsync,H,0.01,0.539634210762067,0.47855750665674557,0.6007109148673884
Rsync,H,0.065,0.40000165931592757,0.357553157157681,0.44245016147417415
Rsync,H,0.12000000000000001,0.29231862668305214,0.2693312673969052,0.31530598596919907
Rsync,H,0.17500000000000004,0.2438079897870808,0.2266020853608105,0.2610138942133511
Rsync,H,0.23000000000000004,0.20943262589631165,0.19613160658105178,0.22273364521157152
Rsync,H,0.28500000000000003,0.18749798775950743,0.1752298634059868,0.19976611211302805
Rsync,H,0.3400000000000001,0.16476746549382276,0.15327051068153907,0.17626442030610645
Rsync,H,0.3950000000000001,0.14901448016728094,0.14179459549332943,0.15623436484123246
Rsync,H,0.45000000000000007,0.1412565760548929,0.13572364703521855,0.14678950507456723
Rsync,H,0.505,0.13150556774720082,0.12515704188881227,0.13785409360558937
Rsync,H,0.56,0.12625594627583026,0.12067123674776795,0.13184065580389256
Rsync,H,0.6150000000000001,0.1182884931734088,0.11374837113324836,0.12282861521356923
Rsync,H,0.6700000000000002,0.11428836684716079,0.10939421320191593,0.11918252049240564
Rsync,H,0.7250000000000001,0.11465002004424077,0.1126621705837193,0.11663786950476224
Rsync,H,0.7800000000000001,0.10818395532342426,0.10318804078159208,0.11317986986525644
Rsync,H,0.8350000000000001,0.10933301636313002,0.10483310241851504,0.113832930307745
Rsync,H,0.8900000000000001,0.10913866970715817,0.105806607760865,0.11247073165345134
Rsync,H,0.9450000000000002,0.10524223192005308,0.10198129858586358,0.10850316525424258
Rsync,H,1.0,0.10403477151467155,0.10077523130252063,0.10729431172682248
Rsync,H,1.0550000000000002,0.10200854746142403,0.0984456258117491,0.10557146911109896
Rsync,H,1.11,0.10233982814487967,0.0999096138239072,0.10477004246585214
Rsync,D,0.01,0.31716228315821604,0.28249748395206015,0.35182708236437193
Rsync,D,0.065,0.3770432388713515,0.3401229566349325,0.41396352110777046
Rsync,D,0.12000000000000001,0.31067398117211437,0.28819146898333536,0.33315649336089337
Rsync,D,0.17500000000000004,0.23468718105317182,0.2168459263328767,0.25252843577346695
Rsync,D,0.23000000000000004,0.17062597129579765,0.15810513019183514,0.18314681239976016
Rsync,D,0.28500000000000003,0.155360264666828,0.14804810462243528,0.16267242471122073
Rsync,D,0.3400000000000001,0.14176690493549343,0.13455436401722304,0.14897944585376383
Rsync,D,0.3950000000000001,0.12960017629075074,0.12047181411933904,0.13872853846216243
Rsync,D,0.45000000000000007,0.1172718434534928,0.111078269696215,0.1234654172107706
Rsync,D,0.505,0.11441959083693358,0.10517570928053596,0.1236634723933312
Rsync,D,0.56,0.10749388404430697,0.10139026977963503,0.11359749830897892
Rsync,D,0.6150000000000001,0.10006560986246807,0.09419876923565192,0.10593245048928422
Rsync,D,0.6700000000000002,0.1079055648507797,0.10214368696192616,0.11366744273963325
Rsync,D,0.7250000000000001,0.10686424414814488,0.10144414749649136,0.1122843407997984
Rsync,D,0.7800000000000001,0.09943586021559818,0.0937694160100992,0.10510230442109716
Rsync,D,0.8350000000000001,0.09990303854263463,0.09501919362273005,0.10478688346253921
Rsync,D,0.8900000000000001,0.09992537863831812,0.09681228092643678,0.10303847635019946
Rsync,D,0.9450000000000002,0.10128169035430887,0.09720391366995228,0.10535946703866546
Rsync,D,1.0,0.0995664529858577,0.09602056772217193,0.10311233824954347
Rsync,D,1.0550000000000002,0.10284616465388707,0.09885511046534692,0.10683721884242722
Rsync,D,1.11,0.10109938701966234,0.09639165324751282,0.10580712079181186
