alpha,sigma,chi_healthy,chi_disease
0.01,0.05,6.16612165045769,1.3367981368326434
0.05782608695652174,0.05,23.325326493194968,85.74783716209782
0.10565217391304348,0.05,0.030823927648009064,37.24840263513462
0.15347826086956523,0.05,0.03435724180839659,149.94283562051515
0.20130434782608697,0.05,0.04765473486582396,29.921231909043122
0.2491304347826087,0.05,0.07630949032666108,40.93993089124427
0.29695652173913045,0.05,0.1498164010545135,7.37691534971893
0.3447826086956522,0.05,21.047384571766912,25.375772899882893
0.39260869565217393,0.05,40.37285376676731,4.422540418312929
0.4404347826086957,0.05,75.0269328508443,1.8865391368185176
0.4882608695652174,0.05,68.99523440629724,1.1732959616430467
0.5360869565217392,0.05,59.75950473840428,1.0341620178276518
0.5839130434782609,0.05,52.61890094636428,0.956493823442391
0.6317391304347826,0.05,50.7418709563957,1.2318233817617614
0.6795652173913044,0.05,18.817103188342028,1.2260115187136358
0.7273913043478262,0.05,22.444362627641823,0.940794827652643
0.7752173913043479,0.05,9.858600520344929,0.633983469766323
0.8230434782608695,0.05,13.849151491476045,0.5748138504219586
0.8708695652173913,0.05,8.50644065571764,0.522723989498471
0.9186956521739131,0.05,4.074548534088329,0.4701073177587981
0.9665217391304348,0.05,3.871786014072557,0.6841958157085177
1.0143478260869565,0.05,3.6952407739347493,0.5037907530383615
1.0621739130434784,0.05,2.993571746224788,0.4963308092339247
1.11,0.05,2.8051191532466526,0.4535718791057519
0.01,0.08260869565217391,6.508005270420428,1.1392897848050865
0.05782608695652174,0.08260869565217391,111.47894925403196,88.16230875156717
0.10565217391304348,0.08260869565217391,0.07396311949448517,39.34662524878015
0.15347826086956523,0.08260869565217391,0.08222495051835588,120.65104945363028
0.20130434782608697,0.08260869565217391,0.11473248756734555,15.049611428825749
0.2491304347826087,0.08260869565217391,0.18897968935086273,44.13597107069928
0.29695652173913045,0.08260869565217391,0.2960649503055588,5.39650340613503
0.3447826086956522,0.08260869565217391,20.289939235786292,5.397718961290228
0.39260869565217393,0.08260869565217391,49.475175144245455,2.396611007805838
0.4404347826086957,0.08260869565217391,64.9043812168407,1.8344165921456341
0.4882608695652174,0.08260869565217391,68.89565516164248,1.178021256458687
0.5360869565217392,0.08260869565217391,56.049622661869826,0.7466290144109895
0.5839130434782609,0.08260869565217391,48.421813053210236,0.8315808519919088
0.6317391304347826,0.08260869565217391,35.864410764650025,0.7968866710582981
0.6795652173913044,0.08260869565217391,15.04993089134506,0.7767189300394624
0.7273913043478262,0.08260869565217391,11.093749932358321,1.0589978123183148
0.7752173913043479,0.08260869565217391,6.754274346052587,0.770224360087172
0.8230434782608695,0.08260869565217391,10.609482691232525,0.6320612771771057
0.8708695652173913,0.08260869565217391,7.672594101547503,0.6274408621653885
0.9186956521739131,0.08260869565217391,4.1765759297031,0.5635169638695221
0.9665217391304348,0.08260869565217391,3.3240996453472484,0.6195819338323361
1.0143478260869565,0.08260869565217391,3.23009854470655,0.5226300548597369
1.0621739130434784,0.08260869565217391,2.933442946666709,0.5247524192920257
1.11,0.08260869565217391,2.453876672440636,0.4808696371491431
0.01,0.11521739130434783,7.08828158351397,1.1810391683254668
0.05782608695652174,0.11521739130434783,86.5913513874107,90.25715176561746
0.10565217391304348,0.11521739130434783,0.14129388267852122,120.50820712003295
0.15347826086956523,0.11521739130434783,0.1504004256900578,118.69058890499271
0.20130434782608697,0.11521739130434783,0.21357021957275069,13.398965535754748
0.2491304347826087,0.11521739130434783,0.35582149037611527,29.02954325615307
0.29695652173913045,0.11521739130434783,10.965703285157675,4.358388880404599
0.3447826086956522,0.11521739130434783,43.896212902599274,4.715246412147836
0.39260869565217393,0.11521739130434783,65.2217285122108,3.0120433458721507
0.4404347826086957,0.11521739130434783,53.91078801268205,1.3817367081603156
0.4882608695652174,0.11521739130434783,60.04805077824722,1.1353950062928793
0.5360869565217392,0.11521739130434783,47.18853454623509,0.7403134636123927
0.5839130434782609,0.11521739130434783,36.79468278126216,1.169979175186242
0.6317391304347826,0.11521739130434783,24.196801425714,1.023139212870087
0.6795652173913044,0.11521739130434783,9.363077071702364,0.8884631536259846
0.7273913043478262,0.11521739130434783,10.365083334574798,0.7870712590425673
0.7752173913043479,0.11521739130434783,6.653042757555205,0.7177015132316573
0.8230434782608695,0.11521739130434783,9.712474613812697,0.8328444185856061
0.8708695652173913,0.11521739130434783,7.334135736907754,0.6222529394208346
0.9186956521739131,0.11521739130434783,3.4734519895848117,0.5694942273984556
0.9665217391304348,0.11521739130434783,3.289191039754158,0.646671649840691
1.0143478260869565,0.11521739130434783,3.112095249543382,0.5456382149744716
1.0621739130434784,0.11521739130434783,2.4891046652133633,0.5641565024977405
1.11,0.11521739130434783,2.493742288504208,0.6125720187501571
0.01,0.14782608695652172,7.393640599286991,1.0420428612321804
0.05782608695652174,0.14782608695652172,98.24276785669738,114.05718395197391
0.10565217391304348,0.14782608695652172,0.24339330434788492,105.8194513271235
0.15347826086956523,0.14782608695652172,0.25142631360788126,68.09093408148125
0.20130434782608697,0.14782608695652172,0.3737402759427447,4.273138529908197
0.2491304347826087,0.14782608695652172,10.05102025767744,10.11407711676752
0.29695652173913045,0.14782608695652172,18.87967204567348,3.6788304003060546
0.3447826086956522,0.14782608695652172,58.98565487190616,3.9795147063905745
0.39260869565217393,0.14782608695652172,67.26601177075634,2.016249395897181
0.4404347826086957,0.14782608695652172,56.77170684680313,1.20091485816823
0.4882608695652174,0.14782608695652172,46.6480071072351,1.1627406135808371
0.5360869565217392,0.14782608695652172,26.967708821881804,0.7963002096824212
0.5839130434782609,0.14782608695652172,28.559073453019522,1.023294773004757
0.6317391304347826,0.14782608695652172,12.880038473044486,0.7376547913958476
0.6795652173913044,0.14782608695652172,9.502146388573962,0.783406441380663
0.7273913043478262,0.14782608695652172,4.591419526153709,0.7452505663570363
0.7752173913043479,0.14782608695652172,8.446186347373974,0.740213182634856
0.8230434782608695,0.14782608695652172,10.291322714088952,0.781540271921995
0.8708695652173913,0.14782608695652172,5.18948165280039,0.6970333847188332
0.9186956521739131,0.14782608695652172,3.249387703988186,0.6911734382343937
0.9665217391304348,0.14782608695652172,3.2620613052893432,0.6930093537610796
1.0143478260869565,0.14782608695652172,2.7854403096107205,0.7124914844319244
1.0621739130434784,0.14782608695652172,2.5902128316731776,0.6874082287447199
1.11,0.14782608695652172,2.4121803770799013,0.8072521225200783
0.01,0.18043478260869567,6.354878157861539,1.6016057348831343
0.05782608695652174,0.18043478260869567,78.15477383071197,109.40879050657031
0.10565217391304348,0.18043478260869567,0.42222506811094296,97.24601584790656
0.15347826086956523,0.18043478260869567,0.4295030345443318,57.1752948168014
0.20130434782608697,0.18043478260869567,9.526186310575756,5.891688172403834
0.2491304347826087,0.18043478260869567,15.752011161896458,5.490825065926211
0.29695652173913045,0.18043478260869567,52.352941387355266,3.460184046046836
0.3447826086956522,0.18043478260869567,66.09371788082808,2.250099944622086
0.39260869565217393,0.18043478260869567,68.19712167039417,2.5449373000528297
0.4404347826086957,0.18043478260869567,50.73522936011833,1.2027973700178052
0.4882608695652174,0.18043478260869567,39.669389532633005,1.0219529742379052
0.5360869565217392,0.18043478260869567,18.430458296756015,0.8623753673835683
0.5839130434782609,0.18043478260869567,15.44368371708901,0.9517442244063663
0.6317391304347826,0.18043478260869567,13.074027507370662,0.8441566087513526
0.6795652173913044,0.18043478260869567,6.2049534583903085,0.8793741766995803
0.7273913043478262,0.18043478260869567,5.247795928302897,0.7749150170575684
0.7752173913043479,0.18043478260869567,5.339942969503397,0.8685364850365455
0.8230434782608695,0.18043478260869567,5.383611113813439,0.9082471351219941
0.8708695652173913,0.18043478260869567,4.295936980247579,0.8381014657044142
0.9186956521739131,0.18043478260869567,3.4758218821257474,0.8522861713707641
0.9665217391304348,0.18043478260869567,2.826609878350498,0.898907620820329
1.0143478260869565,0.18043478260869567,2.6892460497296726,0.8249959124416506
1.0621739130434784,0.18043478260869567,2.639402193888133,0.8731061378208338
1.11,0.18043478260869567,2.635573456806443,0.931400283056701
0.01,0.21304347826086956,6.380030899378811,1.6735338291780384
0.05782608695652174,0.21304347826086956,78.48531993230878,116.52381590594025
0.10565217391304348,0.21304347826086956,14.58132607032976,133.57232402923978
0.15347826086956523,0.21304347826086956,8.384333911306882,68.18514576235633
0.20130434782608697,0.21304347826086956,9.6172463706768,26.85636761554774
0.2491304347826087,0.21304347826086956,32.74654802384021,4.80278723835994
0.29695652173913045,0.21304347826086956,50.887239758276735,5.193052941910222
0.3447826086956522,0.21304347826086956,70.31566652745973,1.9920475268600413
0.39260869565217393,0.21304347826086956,38.176246531849735,3.007317765865203
0.4404347826086957,0.21304347826086956,37.97755312046846,1.2434401907247168
0.4882608695652174,0.21304347826086956,26.978160841149844,1.0687939676357652
0.5360869565217392,0.21304347826086956,21.90724660767683,0.9184348361620446
0.5839130434782609,0.21304347826086956,9.801801657137155,0.9838272064285409
0.6317391304347826,0.21304347826086956,8.76455567884567,0.9447316864492331
0.6795652173913044,0.21304347826086956,7.548001761815529,1.0293953600677714
0.7273913043478262,0.21304347826086956,6.381857569557721,0.8972312494607948
0.7752173913043479,0.21304347826086956,5.249012933828645,0.9104453654776634
0.8230434782608695,0.21304347826086956,5.0617294180291,0.9408503559042695
0.8708695652173913,0.21304347826086956,4.223847769034528,1.0175379816164565
0.9186956521739131,0.21304347826086956,3.560201672488124,0.9570871751057789
0.9665217391304348,0.21304347826086956,2.9670715188967614,0.9695633334781443
1.0143478260869565,0.21304347826086956,2.7095374931810428,1.0272915141128416
1.0621739130434784,0.21304347826086956,2.7133138111779567,1.0474677904385978
1.11,0.21304347826086956,2.564067173510587,1.1554001009848491
0.01,0.24565217391304345,6.551380657898894,1.45512519031629
0.05782608695652174,0.24565217391304345,87.90047902855875,102.97782947816984
0.10565217391304348,0.24565217391304345,84.935970385502,97.6127879177393
0.15347826086956523,0.24565217391304345,16.388634540924755,21.68392902785114
0.20130434782608697,0.24565217391304345,29.08919500662049,36.852423770438314
0.2491304347826087,0.24565217391304345,49.590439094455874,3.369072876443724
0.29695652173913045,0.24565217391304345,63.74754234515946,5.228474008213979
0.3447826086956522,0.24565217391304345,64.0321334493895,1.7815398583901871
0.39260869565217393,0.24565217391304345,39.79651149864057,1.8651820551546905
0.4404347826086957,0.24565217391304345,25.638156067435098,1.7057872749631997
0.4882608695652174,0.24565217391304345,17.15278818646452,1.0146826394950161
0.5360869565217392,0.24565217391304345,12.241502579528724,0.9738044813762651
0.5839130434782609,0.24565217391304345,6.322476850990869,0.9666116195325831
0.6317391304347826,0.24565217391304345,6.505968189586989,1.1000646552436302
0.6795652173913044,0.24565217391304345,7.494178959772016,0.990148969445966
0.7273913043478262,0.24565217391304345,6.130005434187602,1.001218379592276
0.7752173913043479,0.24565217391304345,3.7358703736853016,1.0062403856172963
0.8230434782608695,0.24565217391304345,3.664758562716604,1.0911775560333106
0.8708695652173913,0.24565217391304345,3.968203325057118,1.0539776036607642
0.9186956521739131,0.24565217391304345,3.2121524911019605,1.1030059919336328
0.9665217391304348,0.24565217391304345,3.063953427590249,1.1737879814367838
1.0143478260869565,0.24565217391304345,2.697362302070812,1.2391899313704138
1.0621739130434784,0.24565217391304345,2.9987376917700814,1.2203982405677511
1.11,0.24565217391304345,2.726415775861805,1.294233633708804
0.01,0.2782608695652174,6.650706335005315,1.760427568964277
0.05782608695652174,0.2782608695652174,58.794340601873195,89.97881774765592
0.10565217391304348,0.2782608695652174,66.76058777710087,83.9895375925401
0.15347826086956523,0.2782608695652174,29.640983023136044,28.279178747683535
0.20130434782608697,0.2782608695652174,51.99139822979851,18.976865352005312
0.2491304347826087,0.2782608695652174,54.31592781475363,4.272894402275125
0.29695652173913045,0.2782608695652174,59.45011796288118,4.844499880607422
0.3447826086956522,0.2782608695652174,58.95229303317766,2.277207282927958
0.39260869565217393,0.2782608695652174,28.517047262666722,1.6691458546421956
0.4404347826086957,0.2782608695652174,14.348916352316898,1.1595088300549485
0.4882608695652174,0.2782608695652174,12.708821239156856,1.205171877091556
0.5360869565217392,0.2782608695652174,10.682231989776742,0.9512795616033168
0.5839130434782609,0.2782608695652174,9.176227567161572,1.1217108313118136
0.6317391304347826,0.2782608695652174,5.710225069102511,1.1177795686899472
0.6795652173913044,0.2782608695652174,5.239298753461992,1.0171227234430091
0.7273913043478262,0.2782608695652174,4.940123324610468,1.041725255375603
0.7752173913043479,0.2782608695652174,4.256876680550488,1.060250630221778
0.8230434782608695,0.2782608695652174,3.6139306385537155,1.1475497113239659
0.8708695652173913,0.2782608695652174,3.2803525131689306,1.2566459044889435
0.9186956521739131,0.2782608695652174,2.839336883144661,1.2880865672058186
0.9665217391304348,0.2782608695652174,2.8368355314545584,1.4169973662104003
1.0143478260869565,0.2782608695652174,2.9364937074134305,1.4059675281645903
1.0621739130434784,0.2782608695652174,3.0512491552901366,1.5221970557574829
1.11,0.2782608695652174,2.8432483513463205,1.4783944020663853
0.01,0.3108695652173913,6.724448896548196,1.5630217552294212
0.05782608695652174,0.3108695652173913,99.36699822127555,72.81160453818589
0.10565217391304348,0.3108695652173913,82.31750580864654,87.295159278152
0.15347826086956523,0.3108695652173913,58.799646157952594,13.759840769346235
0.20130434782608697,0.3108695652173913,60.03061792159768,21.025010475849665
0.2491304347826087,0.3108695652173913,54.995838007276404,2.2477990992955554
0.29695652173913045,0.3108695652173913,41.325328669123806,4.5333947474885505
0.3447826086956522,0.3108695652173913,36.81867638378706,1.639282876767112
0.39260869565217393,0.3108695652173913,15.64586030892956,1.3138879147890137
0.4404347826086957,0.3108695652173913,11.524801383291816,1.1864516323673393
0.4882608695652174,0.3108695652173913,10.335077174639551,1.171602953766815
0.5360869565217392,0.3108695652173913,9.361360612854833,0.9414784924370423
0.5839130434782609,0.3108695652173913,6.4852322648598335,1.144907190806066
0.6317391304347826,0.3108695652173913,6.342185125710387,1.1111790620981072
0.6795652173913044,0.3108695652173913,5.203461921687887,1.1116776559394026
0.7273913043478262,0.3108695652173913,4.303192561442396,1.1926994488111
0.7752173913043479,0.3108695652173913,3.878353709022342,1.2160178752550856
0.8230434782608695,0.3108695652173913,3.321787311690253,1.3184910862856705
0.8708695652173913,0.3108695652173913,3.3831612240016185,1.3778776404506012
0.9186956521739131,0.3108695652173913,3.052361325200318,1.5772593262217545
0.9665217391304348,0.3108695652173913,2.8688483579982105,1.5813552251298546
1.0143478260869565,0.3108695652173913,2.8414883551592496,1.6222582035343436
1.0621739130434784,0.3108695652173913,2.5519961167614014,1.6892836260981405
1.11,0.3108695652173913,2.7825177554809954,1.686827128461606
0.01,0.3434782608695652,6.6875523803062125,2.1587595713330168
0.05782608695652174,0.3434782608695652,49.96505832711013,92.24523622000261
0.10565217391304348,0.3434782608695652,99.94235046623334,73.65310678180693
0.15347826086956523,0.3434782608695652,75.34753112623972,15.97091697279082
0.20130434782608697,0.3434782608695652,56.044425537647726,2.4901210055500536
0.2491304347826087,0.3434782608695652,61.08912182378731,2.9181260485866405
0.29695652173913045,0.3434782608695652,35.93781450987153,2.1715890008595196
0.3447826086956522,0.3434782608695652,34.13287003596018,1.5189591689966992
0.39260869565217393,0.3434782608695652,16.180393989401587,1.3163245552545888
0.4404347826086957,0.3434782608695652,15.114841047503269,1.1662692352873094
0.4882608695652174,0.3434782608695652,9.427130350004434,1.2885193189977309
0.5360869565217392,0.3434782608695652,8.635538329816168,1.0774463549992082
0.5839130434782609,0.3434782608695652,6.105962256864868,1.2083633304554788
0.6317391304347826,0.3434782608695652,5.150278783290455,1.1119178157151428
0.6795652173913044,0.3434782608695652,4.002622054726501,1.1822298266881859
0.7273913043478262,0.3434782608695652,4.350623997617416,1.311201672699506
0.7752173913043479,0.3434782608695652,3.457679416620252,1.3831480509639484
0.8230434782608695,0.3434782608695652,3.229273449364515,1.3670328390220494
0.8708695652173913,0.3434782608695652,3.169411363836912,1.4877279974928825
0.9186956521739131,0.3434782608695652,3.0789234145615296,1.7018804475141516
0.9665217391304348,0.3434782608695652,3.023224302568768,1.6704463549437776
1.0143478260869565,0.3434782608695652,2.8231894906931267,1.7565677247277496
1.0621739130434784,0.3434782608695652,2.632640595696441,1.8432637399283653
1.11,0.3434782608695652,2.8963508679494745,1.8953443754607946
0.01,0.3760869565217391,7.04241930297537,2.1973694012226965
0.05782608695652174,0.3760869565217391,54.5733439783491,103.17000668871691
0.10565217391304348,0.3760869565217391,53.36014416549115,43.01702031125118
0.15347826086956523,0.3760869565217391,65.03608171509572,11.165544344015169
0.20130434782608697,0.3760869565217391,48.53167744433975,2.474349983116634
0.2491304347826087,0.3760869565217391,38.49077252611631,1.8376553566781102
0.29695652173913045,0.3760869565217391,28.393230624643298,1.791503390651409
0.3447826086956522,0.3760869565217391,24.179827129089006,1.308029961136429
0.39260869565217393,0.3760869565217391,11.303134137348653,1.2983306449031673
0.4404347826086957,0.3760869565217391,12.360435686292703,1.3450651789285097
0.4882608695652174,0.3760869565217391,8.37243419768144,1.2820898400105918
0.5360869565217392,0.3760869565217391,7.726315634598061,1.2028798117927526
0.5839130434782609,0.3760869565217391,4.911424892524193,1.234718457135564
0.6317391304347826,0.3760869565217391,4.587175224806472,1.2057443964152388
0.6795652173913044,0.3760869565217391,4.233734877615802,1.283577569527239
0.7273913043478262,0.3760869565217391,3.8038372142034165,1.3753283351997916
0.7752173913043479,0.3760869565217391,3.5811177445642883,1.4342979743124336
0.8230434782608695,0.3760869565217391,2.861848330577743,1.4710142145972327
0.8708695652173913,0.3760869565217391,3.2026090494079895,1.6592259580187136
0.9186956521739131,0.3760869565217391,3.169184600560193,1.7241707787041112
0.9665217391304348,0.3760869565217391,2.9809503494621596,1.819727686416428
1.0143478260869565,0.3760869565217391,2.8847673987050606,1.7830471752879142
1.0621739130434784,0.3760869565217391,2.9140043895954664,1.9496919502588619
1.11,0.3760869565217391,3.0167533821426673,2.0316212867215926
0.01,0.408695652173913,7.088007591477681,2.2682945564678647
0.05782608695652174,0.408695652173913,49.427197425079854,84.00517059360706
0.10565217391304348,0.408695652173913,42.233425154900104,45.02260382032063
0.15347826086956523,0.408695652173913,61.61353447053803,9.081473047998815
0.20130434782608697,0.408695652173913,35.79717143337517,2.5181573676522477
0.2491304347826087,0.408695652173913,24.886480252349674,2.4408690949565917
0.29695652173913045,0.408695652173913,19.77550527414899,1.8919321379240017
0.3447826086956522,0.408695652173913,21.075303112161915,1.1912086155422348
0.39260869565217393,0.408695652173913,10.116411127204708,1.2659824612072157
0.4404347826086957,0.408695652173913,8.845353660109662,1.4363416614929272
0.4882608695652174,0.408695652173913,6.946974125667063,1.3190697852267044
0.5360869565217392,0.408695652173913,5.396611122964974,1.2353107663212626
0.5839130434782609,0.408695652173913,3.989258237324537,1.2876989728676826
0.6317391304347826,0.408695652173913,4.379361927030937,1.3042716257533726
0.6795652173913044,0.408695652173913,3.9594283864892903,1.4039999525613447
0.7273913043478262,0.408695652173913,3.633509651989956,1.4960490319233817
0.7752173913043479,0.408695652173913,3.231592749560382,1.4505465828775024
0.8230434782608695,0.408695652173913,3.0897918419569828,1.5837006178231878
0.8708695652173913,0.408695652173913,3.0878830484392474,1.7228715633788028
0.9186956521739131,0.408695652173913,3.281384924431722,1.7905711767385903
0.9665217391304348,0.408695652173913,3.1913815840911277,1.8582143260969037
1.0143478260869565,0.408695652173913,3.046439694312693,1.9741016767921356
1.0621739130434784,0.408695652173913,3.1385555285049564,2.0608294910042937
1.11,0.408695652173913,3.1551686531093637,2.1423878505970606
0.01,0.4413043478260869,6.866686693586269,1.8579470055597014
0.05782608695652174,0.4413043478260869,41.35510831331351,68.78226005497534
0.10565217391304348,0.4413043478260869,35.37466205402397,46.995942146539576
0.15347826086956523,0.4413043478260869,62.132757729888006,6.600629651833145
0.20130434782608697,0.4413043478260869,33.88007667726178,2.452659731385509
0.2491304347826087,0.4413043478260869,23.368388141494997,2.418839343164632
0.29695652173913045,0.4413043478260869,13.977920805921388,1.5009589318547492
0.3447826086956522,0.4413043478260869,19.41726911335504,1.3381991647628766
0.39260869565217393,0.4413043478260869,9.139649035355824,1.2588066635342323
0.4404347826086957,0.4413043478260869,7.278031900223543,1.3525274134685479
0.4882608695652174,0.4413043478260869,6.753447710176748,1.3936340172692259
0.5360869565217392,0.4413043478260869,4.721530019441348,1.452832147135948
0.5839130434782609,0.4413043478260869,4.010018390980244,1.3736097892527017
0.6317391304347826,0.4413043478260869,4.530530735137775,1.4876110384083319
0.6795652173913044,0.4413043478260869,4.106846180889967,1.5776969382322648
0.7273913043478262,0.4413043478260869,3.5583244936565466,1.5595121496843944
0.7752173913043479,0.4413043478260869,3.178761925103875,1.6171261753805528
0.8230434782608695,0.4413043478260869,3.3054579621979365,1.6897021372228
0.8708695652173913,0.4413043478260869,3.2822663216848014,1.7894118952618498
0.9186956521739131,0.4413043478260869,3.251091378225013,1.9404061191559425
0.9665217391304348,0.4413043478260869,3.2663610506499907,1.9007450912919666
1.0143478260869565,0.4413043478260869,3.2701802757400125,2.0890502651888925
1.0621739130434784,0.4413043478260869,3.294569236888674,2.158288507516204
1.11,0.4413043478260869,3.475071042694111,2.2491183409339754
0.01,0.47391304347826085,6.620557076892493,1.9235424743124931
0.05782608695652174,0.47391304347826085,29.802417094974132,64.75034139264052
0.10565217391304348,0.47391304347826085,36.690001290264036,31.472560506587755
0.15347826086956523,0.47391304347826085,37.42437269418047,27.88166603619053
0.20130434782608697,0.47391304347826085,25.212052340210178,2.451054550660281
0.2491304347826087,0.47391304347826085,14.740015456087452,2.2803021346295673
0.29695652173913045,0.47391304347826085,12.518479795997806,1.354905628088628
0.3447826086956522,0.47391304347826085,9.315785092827273,1.3895723549773937
0.39260869565217393,0.47391304347826085,7.224800968998283,1.3152160115496394
0.4404347826086957,0.47391304347826085,8.068391967358163,1.4232184668748833
0.4882608695652174,0.47391304347826085,5.295316512261768,1.41071382380152
0.5360869565217392,0.47391304347826085,3.7383403492942926,1.3810248206752362
0.5839130434782609,0.47391304347826085,4.365516217935076,1.546635269726811
0.6317391304347826,0.47391304347826085,4.393651723154216,1.6678996405142734
0.6795652173913044,0.47391304347826085,3.975458915063671,1.6483708167635076
0.7273913043478262,0.47391304347826085,3.5413735340718824,1.5986873240673085
0.7752173913043479,0.47391304347826085,3.1676266233417865,1.6522723656846001
0.8230434782608695,0.47391304347826085,3.2850798516981543,1.8655962713014653
0.8708695652173913,0.47391304347826085,3.285481841786127,2.070800790257721
0.9186956521739131,0.47391304347826085,3.44313481743382,1.9406879174480214
0.9665217391304348,0.47391304347826085,3.3520845676298685,2.064285544231718
1.0143478260869565,0.47391304347826085,3.3711086620234214,2.200130971460486
1.0621739130434784,0.47391304347826085,3.4719123087419015,2.3790657752513766
1.11,0.47391304347826085,3.50555242711484,2.4111760137654885
0.01,0.5065217391304347,6.206730717685893,2.1470969252922836
0.05782608695652174,0.5065217391304347,35.6896822414796,57.04922842393163
0.10565217391304348,0.5065217391304347,27.15702497176089,59.349074412417544
0.15347826086956523,0.5065217391304347,29.491378892767006,17.40923441414376
0.20130434782608697,0.5065217391304347,23.645813559703328,2.5879901024406253
0.2491304347826087,0.5065217391304347,10.137185334933847,1.967788569687201
0.29695652173913045,0.5065217391304347,10.03554883146697,1.2389684974251598
0.3447826086956522,0.5065217391304347,9.002956983188307,1.2757228461133252
0.39260869565217393,0.5065217391304347,6.824688220566462,1.3559677748668026
0.4404347826086957,0.5065217391304347,7.833983115062951,1.4209844464585804
0.4882608695652174,0.5065217391304347,4.392421564046423,1.4603040527180866
0.5360869565217392,0.5065217391304347,3.5301478352852316,1.4777642007026988
0.5839130434782609,0.5065217391304347,3.7737310199037326,1.6024600549220243
0.6317391304347826,0.5065217391304347,4.060056159247219,1.6411198594161882
0.6795652173913044,0.5065217391304347,4.000785542394128,1.7346717950592467
0.7273913043478262,0.5065217391304347,3.4762613554516855,1.7267578829542884
0.7752173913043479,0.5065217391304347,3.297883158567257,1.8103277972527345
0.8230434782608695,0.5065217391304347,3.2309076359438174,2.085885431793244
0.8708695652173913,0.5065217391304347,3.3462616211209566,2.1193352755428663
0.9186956521739131,0.5065217391304347,3.636637147033698,2.109335738912558
0.9665217391304348,0.5065217391304347,3.424362072870342,2.220884301099109
1.0143478260869565,0.5065217391304347,3.5444832931698755,2.3652658700657505
1.0621739130434784,0.5065217391304347,3.6606820114883476,2.478108426051288
1.11,0.5065217391304347,3.784305552555267,2.6646505282932034
0.01,0.5391304347826087,5.8986276297256754,2.1523152104606424
0.05782608695652174,0.5391304347826087,26.706931228332326,53.87595442568168
0.10565217391304348,0.5391304347826087,43.760168353428796,27.365752162300616
0.15347826086956523,0.5391304347826087,25.772514506394934,41.82715190097449
0.20130434782608697,0.5391304347826087,15.08191533524969,2.1571055710487266
0.2491304347826087,0.5391304347826087,22.466742986882394,1.7319547635347967
0.29695652173913045,0.5391304347826087,8.787580758405095,1.2728389965143805
0.3447826086956522,0.5391304347826087,7.905240470949751,1.3387969564168618
0.39260869565217393,0.5391304347826087,6.178314523191671,1.3727858450838089
0.4404347826086957,0.5391304347826087,5.367479477528765,1.3947466055736748
0.4882608695652174,0.5391304347826087,4.035305916043974,1.5074509116242751
0.5360869565217392,0.5391304347826087,3.6932775735786905,1.6185526042484355
0.5839130434782609,0.5391304347826087,4.17375214892773,1.6679041947041875
0.6317391304347826,0.5391304347826087,4.0380163069826835,1.7861336921482025
0.6795652173913044,0.5391304347826087,3.660046275753004,1.8156002022391722
0.7273913043478262,0.5391304347826087,3.446830790449991,1.7711854611707878
0.7752173913043479,0.5391304347826087,3.308007469896464,2.0535683851502284
0.8230434782608695,0.5391304347826087,3.253788032410713,2.1910964442245273
0.8708695652173913,0.5391304347826087,3.39535369959106,2.2051476188035934
0.9186956521739131,0.5391304347826087,3.6258955480140758,2.318547853217723
0.9665217391304348,0.5391304347826087,3.5548570446955807,2.4759335550708528
1.0143478260869565,0.5391304347826087,3.7202914885291705,2.5024908134897808
1.0621739130434784,0.5391304347826087,3.719992184090515,2.694475733749968
1.11,0.5391304347826087,4.007408209343784,2.8335449227847436
0.01,0.5717391304347826,6.034340223651746,2.080627968782463
0.05782608695652174,0.5717391304347826,44.669278414375846,30.79725130584189
0.10565217391304348,0.5717391304347826,28.90330185556369,33.16712243965162
0.15347826086956523,0.5717391304347826,15.963254994758753,24.894561696070557
0.20130434782608697,0.5717391304347826,22.874825657435537,2.4569702241612035
0.2491304347826087,0.5717391304347826,10.869764740772029,1.6386858201309213
0.29695652173913045,0.5717391304347826,8.869791244659098,1.353562522968706
0.3447826086956522,0.5717391304347826,5.9094009190330254,1.530784158536432
0.39260869565217393,0.5717391304347826,5.58144915132536,1.4803497688332592
0.4404347826086957,0.5717391304347826,4.8597739801854445,1.4605366303546437
0.4882608695652174,0.5717391304347826,3.8906458049311845,1.5215427969125745
0.5360869565217392,0.5717391304347826,3.808100475140937,1.7608408166469283
0.5839130434782609,0.5717391304347826,4.183805899655309,1.7396800891135673
0.6317391304347826,0.5717391304347826,3.674393814066749,1.8673878065887568
0.6795652173913044,0.5717391304347826,3.711609586635648,1.8826296560932338
0.7273913043478262,0.5717391304347826,3.3779130000600213,1.951276890907394
0.7752173913043479,0.5717391304347826,3.576496445477358,2.169933469032988
0.8230434782608695,0.5717391304347826,3.401096689009601,2.2741098464134524
0.8708695652173913,0.5717391304347826,3.6114311856101957,2.3285713475673946
0.9186956521739131,0.5717391304347826,3.72381313207993,2.515741763519941
0.9665217391304348,0.5717391304347826,3.760326697964681,2.547063664848892
1.0143478260869565,0.5717391304347826,3.8839603027915595,2.716552029396742
1.0621739130434784,0.5717391304347826,4.101149617793117,2.883901076362605
1.11,0.5717391304347826,4.2706265763756095,2.9437867406585383
0.01,0.6043478260869566,6.228907628231717,2.0085104241276257
0.05782608695652174,0.6043478260869566,34.647225278131145,53.50344329222226
0.10565217391304348,0.6043478260869566,45.93887904717952,40.67517346612975
0.15347826086956523,0.6043478260869566,22.036553699216288,6.5684289781503455
0.20130434782608697,0.6043478260869566,22.589493726778006,2.9306283386848855
0.2491304347826087,0.6043478260869566,17.07844085395589,1.5675810352737685
0.29695652173913045,0.6043478260869566,8.025294108130332,1.3909243820105388
0.3447826086956522,0.6043478260869566,6.591913389029476,1.5872872731078993
0.39260869565217393,0.6043478260869566,5.616362554132692,1.5758150591396476
0.4404347826086957,0.6043478260869566,4.417727813601087,1.5450876861324994
0.4882608695652174,0.6043478260869566,3.939735187134552,1.7313633698860778
0.5360869565217392,0.6043478260869566,3.792255141306751,1.7739632166673402
0.5839130434782609,0.6043478260869566,4.104463138725656,1.85843371736496
0.6317391304347826,0.6043478260869566,3.625956188233026,2.01229840946624
0.6795652173913044,0.6043478260869566,3.6605424786957386,2.012077536582524
0.7273913043478262,0.6043478260869566,3.472594547886783,2.1065716680002566
0.7752173913043479,0.6043478260869566,3.4266375300405842,2.311784647105123
0.8230434782608695,0.6043478260869566,3.4803494548005647,2.376380599456477
0.8708695652173913,0.6043478260869566,3.7902219937612593,2.4839737739903
0.9186956521739131,0.6043478260869566,3.8534793099791167,2.5950093112771335
0.9665217391304348,0.6043478260869566,3.9687111621146203,2.75781553357947
1.0143478260869565,0.6043478260869566,4.135217305377973,2.879287989153667
1.0621739130434784,0.6043478260869566,4.30832962942785,2.9825443616662284
1.11,0.6043478260869566,4.459103952799737,3.045127185587167
0.01,0.6369565217391304,6.0312519635301,1.5305727591180465
0.05782608695652174,0.6369565217391304,37.031727444476495,36.83423928741156
0.10565217391304348,0.6369565217391304,35.48492083425086,29.18302901495841
0.15347826086956523,0.6369565217391304,33.73058963337234,4.980385473756084
0.20130434782608697,0.6369565217391304,13.067247852940689,3.997636098999872
0.2491304347826087,0.6369565217391304,12.636102381191822,1.4528551287072013
0.29695652173913045,0.6369565217391304,7.97509819022976,1.541528606231542
0.3447826086956522,0.6369565217391304,6.08943192669642,1.541929722231572
0.39260869565217393,0.6369565217391304,4.717809792007029,1.5511525294596613
0.4404347826086957,0.6369565217391304,4.596660221779676,1.7126218332511673
0.4882608695652174,0.6369565217391304,4.06317571496988,1.8229028624529537
0.5360869565217392,0.6369565217391304,4.024818146369627,1.935716808127097
0.5839130434782609,0.6369565217391304,4.2005550442381665,2.041507246333533
0.6317391304347826,0.6369565217391304,3.557839629162629,2.0725226839656345
0.6795652173913044,0.6369565217391304,3.396839465494731,2.0972267185732343
0.7273913043478262,0.6369565217391304,3.453200408105002,2.242214605678683
0.7752173913043479,0.6369565217391304,3.5764872471634845,2.4589182784186647
0.8230434782608695,0.6369565217391304,3.784622337051028,2.4678815594043613
0.8708695652173913,0.6369565217391304,3.917906290518284,2.6272356429416277
0.9186956521739131,0.6369565217391304,3.9711279440023617,2.7815575864522657
0.9665217391304348,0.6369565217391304,4.184673924296452,2.942621476846341
1.0143478260869565,0.6369565217391304,4.409938290170956,3.025879008523802
1.0621739130434784,0.6369565217391304,4.463109179677952,3.178048036382345
1.11,0.6369565217391304,4.656556625487221,3.19322000212973
0.01,0.6695652173913044,5.926635461570484,1.5127739948741947
0.05782608695652174,0.6695652173913044,43.264483694146875,61.32495589404729
0.10565217391304348,0.6695652173913044,34.9867194783626,26.202481153093693
0.15347826086956523,0.6695652173913044,19.14606491248888,4.765559382171306
0.20130434782608697,0.6695652173913044,18.965572120311393,1.6385238862509865
0.2491304347826087,0.6695652173913044,9.32921090029198,1.534076770341149
0.29695652173913045,0.6695652173913044,6.968715519446533,1.6606941545975453
0.3447826086956522,0.6695652173913044,5.479928448290572,1.579966664883159
0.39260869565217393,0.6695652173913044,4.271210488686883,1.6428872491869602
0.4404347826086957,0.6695652173913044,4.603848341037656,1.8073890411378337
0.4882608695652174,0.6695652173913044,3.9531968300336118,1.906539271852381
0.5360869565217392,0.6695652173913044,4.417264608277745,2.003316630363964
0.5839130434782609,0.6695652173913044,3.822020170769787,2.123586899656023
0.6317391304347826,0.6695652173913044,3.619421387170263,2.187025122191362
0.6795652173913044,0.6695652173913044,3.5995336038041614,2.336691705940315
0.7273913043478262,0.6695652173913044,3.666993748625676,2.4784001388579684
0.7752173913043479,0.6695652173913044,3.627550386572409,2.5131194112834265
0.8230434782608695,0.6695652173913044,4.012002277796374,2.687586568545086
0.8708695652173913,0.6695652173913044,4.031371110089546,2.806126762239695
0.9186956521739131,0.6695652173913044,4.087885501612121,2.988602505266158
0.9665217391304348,0.6695652173913044,4.416023309558762,3.1656086343481604
1.0143478260869565,0.6695652173913044,4.638596879632336,3.2051865844908414
1.0621739130434784,0.6695652173913044,4.592826150649287,3.265573732389863
1.11,0.6695652173913044,4.718098770502621,3.401415982219073
0.01,0.7021739130434783,5.673594270923191,1.5435537492576163
0.05782608695652174,0.7021739130434783,35.9763864541789,26.72425601525828
0.10565217391304348,0.7021739130434783,23.11954775291548,7.633317890728837
0.15347826086956523,0.7021739130434783,16.98889539392899,7.521015169998435
0.20130434782608697,0.7021739130434783,19.401109315042454,1.964758942408314
0.2491304347826087,0.7021739130434783,9.722785659215264,2.049884936159311
0.29695652173913045,0.7021739130434783,7.19004971610276,1.6332842517896868
0.3447826086956522,0.7021739130434783,4.90128582029102,1.5985961658687486
0.39260869565217393,0.7021739130434783,4.560457391851594,1.687993674038779
0.4404347826086957,0.7021739130434783,4.328279751855509,1.8688675414863334
0.4882608695652174,0.7021739130434783,4.05002467193647,1.994523976174752
0.5360869565217392,0.7021739130434783,4.26560539785766,2.087360642016141
0.5839130434782609,0.7021739130434783,3.9090486275593266,2.2200380045045875
0.6317391304347826,0.7021739130434783,3.7219954995413453,2.2689379878798377
0.6795652173913044,0.7021739130434783,3.6070130145722836,2.458480617326704
0.7273913043478262,0.7021739130434783,3.646537855568373,2.4799795375863924
0.7752173913043479,0.7021739130434783,3.8483589492378436,2.647279907220934
0.8230434782608695,0.7021739130434783,4.207507800214572,2.7350311779943106
0.8708695652173913,0.7021739130434783,4.133086319565511,3.0379654674687133
0.9186956521739131,0.7021739130434783,4.3902489448220425,3.1862669333315567
0.9665217391304348,0.7021739130434783,4.646409182214365,3.310373899249323
1.0143478260869565,0.7021739130434783,4.694601818940687,3.339047997311321
1.0621739130434784,0.7021739130434783,4.761764001716054,3.4322602122949535
1.11,0.7021739130434783,4.821050844701583,3.620633987380846
0.01,0.7347826086956522,5.430151168545905,1.7328508929121373
0.05782608695652174,0.7347826086956522,18.374936087087924,26.66057751785005
0.10565217391304348,0.7347826086956522,38.389079698078746,6.5724757920990005
0.15347826086956523,0.7347826086956522,24.85163655420154,4.816709389875247
0.20130434782608697,0.7347826086956522,10.195860022511383,1.6516773058185663
0.2491304347826087,0.7347826086956522,9.239031945162779,1.6778444318476933
0.29695652173913045,0.7347826086956522,6.7144494105290775,1.6547504661645598
0.3447826086956522,0.7347826086956522,4.966073571140702,1.776161313819813
0.39260869565217393,0.7347826086956522,4.722759772893011,1.9133787674322869
0.4404347826086957,0.7347826086956522,4.291389271554694,1.957166037385131
0.4882608695652174,0.7347826086956522,4.641101258894823,2.1104140006507066
0.5360869565217392,0.7347826086956522,3.933116525761922,2.1590509117173675
0.5839130434782609,0.7347826086956522,3.927441148129181,2.23542679849551
0.6317391304347826,0.7347826086956522,3.7075768657339006,2.4287057068986444
0.6795652173913044,0.7347826086956522,3.7861126225495902,2.583373105625715
0.7273913043478262,0.7347826086956522,3.8377955031560163,2.6559475449812924
0.7752173913043479,0.7347826086956522,4.074051777503721,2.8033743731122955
0.8230434782608695,0.7347826086956522,4.251595911292819,3.0129405876946196
0.8708695652173913,0.7347826086956522,4.333173815111261,3.198502535708177
0.9186956521739131,0.7347826086956522,4.602086207336242,3.3874639694101205
0.9665217391304348,0.7347826086956522,4.7322124049248515,3.3837986376467435
1.0143478260869565,0.7347826086956522,4.826083430041805,3.506561971134066
1.0621739130434784,0.7347826086956522,4.999439073469839,3.6254722345869794
1.11,0.7347826086956522,5.050003147995241,3.779982097940741
0.01,0.7673913043478261,5.571935411788212,1.7361116691811653
0.05782608695652174,0.7673913043478261,18.643289603496406,35.803083497685265
0.10565217391304348,0.7673913043478261,33.215956632933086,5.515563202032266
0.15347826086956523,0.7673913043478261,20.362411903100508,3.181935544850667
0.20130434782608697,0.7673913043478261,10.724890086430309,1.6158167698496464
0.2491304347826087,0.7673913043478261,9.656283126332058,1.6365551077211529
0.29695652173913045,0.7673913043478261,6.7332396012940166,1.705897674614635
0.3447826086956522,0.7673913043478261,4.975405872360206,1.8996647960814053
0.39260869565217393,0.7673913043478261,4.604320703812803,1.9521849879184334
0.4404347826086957,0.7673913043478261,4.402615918573005,2.0389913833457265
0.4882608695652174,0.7673913043478261,4.259911305980009,2.1921787585402086
0.5360869565217392,0.7673913043478261,4.317887212687843,2.2272736452318753
0.5839130434782609,0.7673913043478261,3.9515786859364965,2.3953882491381266
0.6317391304347826,0.7673913043478261,3.728848886452714,2.5770312786888163
0.6795652173913044,0.7673913043478261,3.8481191146864546,2.6642477448874047
0.7273913043478262,0.7673913043478261,4.073876121722482,2.759926593826852
0.7752173913043479,0.7673913043478261,4.168496166406517,2.9000619251109563
0.8230434782608695,0.7673913043478261,4.407369375023032,3.228081494671997
0.8708695652173913,0.7673913043478261,4.467480598451464,3.438379718371465
0.9186956521739131,0.7673913043478261,4.851619001003016,3.5300602754566293
0.9665217391304348,0.7673913043478261,4.883098973829665,3.5377155345719538
1.0143478260869565,0.7673913043478261,4.950328115686512,3.6248354124484905
1.0621739130434784,0.7673913043478261,5.144050982425341,3.7669534276981644
1.11,0.7673913043478261,5.3123953611648265,3.936015158388173
0.01,0.8,5.331243879849859,1.840810813281616
0.05782608695652174,0.8,12.366898681758856,22.882402046317253
0.10565217391304348,0.8,19.198485848895665,36.23204790223961
0.15347826086956523,0.8,13.396920548645792,3.3395265144748145
0.20130434782608697,0.8,9.577065198799417,2.147898581725786
0.2491304347826087,0.8,7.103956029179533,1.8097981665177916
0.29695652173913045,0.8,6.3856527515675054,1.7543299675830089
0.3447826086956522,0.8,4.620643827085402,2.0492782111607726
0.39260869565217393,0.8,4.347891073724004,2.015801792570926
0.4404347826086957,0.8,4.565388952791416,2.1280999632980504
0.4882608695652174,0.8,4.299828529384975,2.192154206277171
0.5360869565217392,0.8,4.420961064736713,2.317220837699807
0.5839130434782609,0.8,3.9407142813499734,2.532704315130966
0.6317391304347826,0.8,3.8731293065679275,2.6469038570528625
0.6795652173913044,0.8,4.0478102582045015,2.728985289343792
0.7273913043478262,0.8,4.139112014510241,2.979993983931924
0.7752173913043479,0.8,4.34501193383466,3.0662814489745687
0.8230434782608695,0.8,4.613068875021753,3.405696730501854
0.8708695652173913,0.8,4.822226204170713,3.4656317211967527
0.9186956521739131,0.8,4.907690901200112,3.6243239799649274
0.9665217391304348,0.8,4.9953972780772435,3.632743688160052
1.0143478260869565,0.8,5.164354530246484,3.8070061334701437
1.0621739130434784,0.8,5.335534950155936,3.9378653803625
1.11,0.8,5.536499904541022,4.182018657448694
