observable,alpha,delta_mean,ci_lo,ci_hi,significant
Sc,0.01,14.435780837834049,-3.1627454694565253,28.687618315868022,False
Sc,0.065,8.400743091908492,3.117408366790759,16.098562329121737,True
Sc,0.12000000000000001,1.8404786304427667,1.2840007171462993,2.465186555002863,True
Sc,0.17500000000000004,0.7350739870468519,0.6837331486465722,0.785556448730272,True
Sc,0.23000000000000004,0.6056686901343976,0.5623974321559659,0.6453888931339163,True
Sc,0.28500000000000003,0.6312750832028048,0.589367483499708,0.6711240824096022,True
Sc,0.3400000000000001,0.6951525268062662,0.6506812560746525,0.7368537762010745,True
Sc,0.3950000000000001,0.7719356575721059,0.7263092798291629,0.8171931138535478,True
Sc,0.45000000000000007,0.8459535074687382,0.7921003740052892,0.8988863703962886,True
Sc,0.505,0.9296808887506177,0.8717289336007281,0.9866529635822764,True
Sc,0.56,1.0154914653206943,0.9492260144337992,1.0823796728249182,True
Sc,0.6150000000000001,1.0889376824326686,1.0169291209117242,1.1598448673415216,True
Sc,0.6700000000000002,1.1861981966450217,1.0999675611029849,1.2730165231932593,True
Sc,0.7250000000000001,1.2834122992728283,1.181476435674871,1.3857457238506725,True
Sc,0.7800000000000001,1.3749805039701786,1.2649637274636176,1.4876658056378202,True
Sc,0.8350000000000001,1.4842046269366955,1.3584350798192286,1.6113086040775213,True
Sc,0.8900000000000001,1.6021457354147248,1.4616214609354743,1.7436782286969144,True
Sc,0.9450000000000002,1.7251908735825203,1.5605412853753236,1.8985011764634707,True
Sc,1.0,1.870815894365687,1.677249222725018,2.0722455121062624,True
Sc,1.0550000000000002,2.0354924387471023,1.8061014095329533,2.2746967582905473,True
Sc,1.11,2.1909687563584344,1.935890483233912,2.461801999164534,True
chi,0.01,-4.903520336681986,-6.875129049579881,-3.0390229206127786,True
chi,0.065,-20.17719593167762,-33.23946353423014,-8.460651028517637,True
chi,0.12000000000000001,-54.471461573598596,-62.54660252671201,-46.10195670954561,True
chi,0.17500000000000004,-55.4689745271984,-61.84431385062746,-49.31141361088788,True
chi,0.23000000000000004,-44.7483290253344,-51.19844581198657,-38.519426671904505,True
chi,0.28500000000000003,-27.18514446004371,-32.12515387669937,-23.07098672324626,True
chi,0.3400000000000001,-19.287510853214204,-24.03065434922635,-15.216718534899739,True
chi,0.3950000000000001,-11.849745958415346,-14.085997111571698,-9.900676782841506,True
chi,0.45000000000000007,-8.3863116735914,-10.23960331079916,-6.82844867453926,True
chi,0.505,-5.2608886317284576,-6.373916539568775,-4.3355118505540045,True
chi,0.56,-3.7329114444052087,-4.689579648571035,-3.03063677989619,True
chi,0.6150000000000001,-2.7660348739076213,-3.2073804822331455,-2.3972159755677223,True
chi,0.6700000000000002,-2.1747742905890632,-2.5182804488523582,-1.8736877776046967,True
chi,0.7250000000000001,-1.8624269939704874,-2.001097119488347,-1.7286260067881811,True
chi,0.7800000000000001,-1.5916154421085515,-1.736631073849204,-1.4488569838195884,True
chi,0.8350000000000001,-1.4861904572759776,-1.602893251831853,-1.3736721478783327,True
chi,0.8900000000000001,-1.311248737720021,-1.405109169568039,-1.2192998747501766,True
chi,0.9450000000000002,-1.27570609473584,-1.3732491324946132,-1.1842078750689027,True
chi,1.0,-1.1680694542108228,-1.29365834941946,-1.0597973511615228,True
chi,1.0550000000000002,-1.1271210201275572,-1.213539561945454,-1.035625454300006,True
chi,1.11,-1.1197655515930283,-1.2184426522476337,-1.0178914197935507,True
corr,0.01,0.031567990232666494,-0.12668981161674817,0.21642017810773195,False
corr,0.065,-0.0015499726816215532,-0.13624854652860566,0.15253381663013077,False
corr,0.12000000000000001,0.012511160595208926,-0.15152259669486706,0.1938044745260977,False
corr,0.17500000000000004,0.15471325642756664,-0.03346367295436994,0.32450391950263124,False
corr,0.23000000000000004,0.03237967136379889,-0.19311075395000152,0.28909327552645875,False
corr,0.28500000000000003,-0.10304310567813339,-0.26015590150423523,0.061063738970925825,False
corr,0.3400000000000001,0.11780791574101157,-0.1534300862435154,0.564010189186742,False
corr,0.3950000000000001,-0.05124904048433625,-0.2381221184055059,0.12467053322638665,False
corr,0.45000000000000007,-0.0011062332657193197,-0.15110623326571931,0.14889376673428067,False
corr,0.505,0.014721018754791027,-0.13527898124520896,0.175,False
corr,0.56,-0.1,-0.35,0.125,False
corr,0.6150000000000001,-0.3453114158724128,-0.8609342476172385,-0.025,True
corr,0.6700000000000002,-0.05,-0.125,0.0,False
corr,0.7250000000000001,-0.05,-0.175,0.075,False
corr,0.7800000000000001,0.0,-0.1,0.1,False
corr,0.8350000000000001,-0.025,-0.1256249999999998,0.075,False
corr,0.8900000000000001,0.0,-0.125,0.125,False
corr,0.9450000000000002,0.0,-0.075,0.075,False
corr,1.0,-0.225,-0.45,-0.05,True
corr,1.0550000000000002,0.025,-0.075,0.125,False
corr,1.11,0.075,-0.05,0.25,False
