condition,observable,leg,alpha,mean,ci_lo,ci_hi
H,chi,up,0.01,5.277164693019456,3.3486703182175317,7.20565906782138
H,chi,up,0.065,36.390464106819884,25.411975318952795,47.36895289468697
H,chi,up,0.12000000000000001,67.62950829011098,58.75717773937943,76.50183884084252
H,chi,up,0.17500000000000004,57.08368438541733,49.16344048881993,65.00392828201473
H,chi,up,0.23000000000000004,45.341917295152726,38.94893276644153,51.73490182386392
H,chi,up,0.28500000000000003,29.534515589056298,23.91575543936295,35.15327573874964
H,chi,up,0.3400000000000001,22.63803893796464,17.20895704080042,28.06712083512886
H,chi,up,0.3950000000000001,14.894234314350438,11.156533720004202,18.631934908696675
H,chi,up,0.45000000000000007,9.297862849081353,7.946070708296731,10.649654989865976
H,chi,up,0.505,6.298134140664357,5.559626482245712,7.036641799083001
H,chi,up,0.56,4.850299060685207,4.288795419678246,5.411802701692167
H,chi,up,0.6150000000000001,4.246347360031547,3.6790698081781747,4.813624911884919
H,chi,up,0.6700000000000002,3.551009175360117,3.2773180695530675,3.824700281167167
H,chi,up,0.7250000000000001,3.2581577491537317,3.020828120690225,3.495487377617238
H,chi,up,0.7800000000000001,3.052033459039052,2.897873165647441,3.206193752430663
H,chi,up,0.8350000000000001,3.0210064168121864,2.864636832172322,3.1773760014520507
H,chi,up,0.8900000000000001,2.9657467663825887,2.8350425930021057,3.0964509397630717
H,chi,up,0.9450000000000002,2.9027081394035115,2.7781376156231787,3.027278663183844
H,chi,up,1.0,2.987193248009996,2.870273835914877,3.104112660105115
H,chi,up,1.0550000000000002,2.9637725574556217,2.847220597787008,3.0803245171242355
H,chi,up,1.11,3.0620734378153713,2.942578527513434,3.1815683481173087
H,chi,down,0.01,5.866799075597112,3.5751670742418704,8.158431076952354
H,chi,down,0.065,35.03641623292829,24.34715359592246,45.725678869934114
H,chi,down,0.12000000000000001,71.44110454531415,63.20590240134819,79.6763066892801
H,chi,down,0.17500000000000004,59.00573498232626,52.89280804450187,65.11866192015066
H,chi,down,0.23000000000000004,39.3586402720431,33.30059469345785,45.41668585062834
H,chi,down,0.28500000000000003,29.244146225059115,23.683611966841152,34.80468048327708
H,chi,down,0.3400000000000001,20.19215612818352,15.017942333079196,25.36636992328784
H,chi,down,0.3950000000000001,11.519962207615196,10.002146420561136,13.037777994669256
H,chi,down,0.45000000000000007,9.680019877116806,7.88667955051259,11.47336020372102
H,chi,down,0.505,6.979970715728844,5.790012301336775,8.169929130120913
H,chi,down,0.56,5.261945901629109,4.4660456797196035,6.0578461235386145
H,chi,down,0.6150000000000001,4.234208601750469,3.6710083574115857,4.797408846089352
H,chi,down,0.6700000000000002,3.557167062000879,3.290462330481646,3.823871793520112
H,chi,down,0.7250000000000001,3.279178003410088,3.006277160145104,3.552078846675072
H,chi,down,0.7800000000000001,3.1460853110539233,2.9803494154695143,3.3118212066383323
H,chi,down,0.8350000000000001,3.0122682455209127,2.85936940412644,3.1651670869153854
H,chi,down,0.8900000000000001,2.9435015100572226,2.8110818674054325,3.0759211527090127
H,chi,down,0.9450000000000002,2.9231380877211866,2.7931042375293584,3.0531719379130147
H,chi,down,1.0,2.929317573873451,2.806022356816124,3.052612790930778
H,chi,down,1.0550000000000002,3.031099539413855,2.934649465109422,3.1275496137182883
H,chi,down,1.11,3.0351428652296075,2.914095501934892,3.156190228524323
H,Rsync,up,0.01,0.5373750719578755,0.47278968081456335,0.6019604631011877
H,Rsync,up,0.065,0.38928487544894513,0.35136948370336485,0.4272002671945254
H,Rsync,up,0.12000000000000001,0.28719948206950596,0.2640163445899148,0.3103826195490971
H,Rsync,up,0.17500000000000004,0.2337508307362593,0.21580841223892452,0.25169324923359404
H,Rsync,up,0.23000000000000004,0.20578726222537208,0.18927383486374183,0.22230068958700233
H,Rsync,up,0.28500000000000003,0.18066990010554668,0.16832208263068535,0.193017717580408
H,Rsync,up,0.3400000000000001,0.17024128297464017,0.15866230439305487,0.18182026155622547
H,Rsync,up,0.3950000000000001,0.1574963785543802,0.14934871613761516,0.16564404097114524
H,Rsync,up,0.45000000000000007,0.1429354080466121,0.13464521991894277,0.1512255961742814
H,Rsync,up,0.505,0.12997494478785898,0.12123014597109365,0.13871974360462433
H,Rsync,up,0.56,0.12685960988305459,0.12200293214357992,0.13171628762252927
H,Rsync,up,0.6150000000000001,0.11901835815022158,0.11429366081236349,0.12374305548807966
H,Rsync,up,0.6700000000000002,0.11935534073806997,0.1138814932945944,0.12482918818154554
H,Rsync,up,0.7250000000000001,0.11135137587960633,0.10756835504877675,0.11513439671043592
H,Rsync,up,0.7800000000000001,0.10757363707124216,0.10301307391545603,0.1121342002270283
H,Rsync,up,0.8350000000000001,0.10786522582619673,0.10360266864207375,0.11212778301031971
H,Rsync,up,0.8900000000000001,0.10760660461090141,0.10328206910624639,0.11193114011555642
H,Rsync,up,0.9450000000000002,0.10643714514110018,0.10155790569420164,0.11131638458799872
H,Rsync,up,1.0,0.10763236409989614,0.1027676083462952,0.11249711985349709
H,Rsync,up,1.0550000000000002,0.10201443676073965,0.09771585925178364,0.10631301426969567
H,Rsync,up,1.11,0.10506548692736203,0.10201558425832996,0.10811538959639411
H,Rsync,down,0.01,0.5402094926313422,0.47404873441744466,0.6063702508452398
H,Rsync,down,0.065,0.36945632958201324,0.32637296157611645,0.41253969758791004
H,Rsync,down,0.12000000000000001,0.2837732221832772,0.25523530636309477,0.31231113800345967
H,Rsync,down,0.17500000000000004,0.233154046120657,0.21165525322430576,0.25465283901700825
H,Rsync,down,0.23000000000000004,0.2075586721925176,0.19074496354522957,0.22437238083980565
H,Rsync,down,0.28500000000000003,0.17878559367734112,0.16480126712160753,0.1927699202330747
H,Rsync,down,0.3400000000000001,0.16060355184959946,0.15088394344180656,0.17032316025739236
H,Rsync,down,0.3950000000000001,0.14067680273417676,0.13060088011742818,0.15075272535092535
H,Rsync,down,0.45000000000000007,0.14539318839949084,0.138304161702159,0.15248221509682267
H,Rsync,down,0.505,0.13796498770312596,0.13101146451635773,0.1449185108898942
H,Rsync,down,0.56,0.12569811425424346,0.12027592221868924,0.13112030628979768
H,Rsync,down,0.6150000000000001,0.11896762152738383,0.11352152817761176,0.1244137148771559
H,Rsync,down,0.6700000000000002,0.12099850113640882,0.11632195819070569,0.12567504408211194
H,Rsync,down,0.7250000000000001,0.10945667795690868,0.10384352466254482,0.11506983125127254
H,Rsync,down,0.7800000000000001,0.11122181004806746,0.10614937592522247,0.11629424417091244
H,Rsync,down,0.8350000000000001,0.11131863574516872,0.10675536803083975,0.11588190345949768
H,Rsync,down,0.8900000000000001,0.10652415107597206,0.10226427996689542,0.1107840221850487
H,Rsync,down,0.9450000000000002,0.10589634109299421,0.10231301892137107,0.10947966326461736
H,Rsync,down,1.0,0.10529568962180583,0.10090633675243382,0.10968504249117783
H,Rsync,down,1.0550000000000002,0.10423953785909476,0.10018024545986809,0.10829883025832143
H,Rsync,down,1.11,0.10428877940314922,0.1001400104132908,0.10843754839300764
D,chi,up,0.01,0.5839153000718156,0.5268148927276299,0.6410157074160012
D,chi,up,0.065,10.533737843299559,4.718656066171929,16.34881962042719
D,chi,up,0.12000000000000001,27.65337526279736,14.969476187359655,40.33727433823507
D,chi,up,0.17500000000000004,6.768287347073762,3.462608080948711,10.073966613198813
D,chi,up,0.23000000000000004,2.2898344330534215,1.7306716586409434,2.8489972074658994
D,chi,up,0.28500000000000003,1.784078813304557,1.5862130263538456,1.9819446002552685
D,chi,up,0.3400000000000001,1.5559639290938776,1.4096591916694852,1.70226866651827
D,chi,up,0.3950000000000001,1.4754182106796865,1.317426087064617,1.633410334294756
D,chi,up,0.45000000000000007,1.3276615629626676,1.2537106751465255,1.4016124507788097
D,chi,up,0.505,1.2834584630605406,1.2246307374923875,1.3422861886286936
D,chi,up,0.56,1.3243366732491957,1.269391600218181,1.3792817462802103
D,chi,up,0.6150000000000001,1.3260937653402216,1.2707415410101568,1.3814459896702864
D,chi,up,0.6700000000000002,1.379967904650048,1.332933603503476,1.4270022057966198
D,chi,up,0.7250000000000001,1.442921730664093,1.4016374615068545,1.4842059998213313
D,chi,up,0.7800000000000001,1.4797871882527147,1.4309004427422498,1.5286739337631796
D,chi,up,0.8350000000000001,1.5300467333537604,1.485714255485125,1.5743792112223958
D,chi,up,0.8900000000000001,1.6314503408560732,1.5862123291121073,1.6766883526000391
D,chi,up,0.9450000000000002,1.6730008307656874,1.634740075798325,1.7112615857330498
D,chi,up,1.0,1.7508445206961376,1.706907714656672,1.7947813267356032
D,chi,up,1.0550000000000002,1.794397318469514,1.7361970498926704,1.8525975870463574
D,chi,up,1.11,1.8954775963131354,1.8324055117767084,1.9585496808495624
D,chi,down,0.01,0.6638413284965594,0.5416106812614142,0.7860719757317046
D,chi,down,0.065,18.265137390547658,6.9501540121001195,29.580120768995194
D,chi,down,0.12000000000000001,15.818370421549256,6.618147872374031,25.01859297072448
D,chi,down,0.17500000000000004,6.686124691808911,3.994220437346052,9.378028946271769
D,chi,down,0.23000000000000004,2.632253512203251,2.029357313332373,3.2351497110741287
D,chi,down,0.28500000000000003,1.7227255839247135,1.5132001269500686,1.9322510408993585
D,chi,down,0.3400000000000001,1.5552711610430148,1.4160597851272747,1.6944825369587548
D,chi,down,0.3950000000000001,1.3022416676523996,1.2411209609790201,1.363362374325779
D,chi,down,0.45000000000000007,1.289423555027538,1.2193250173112087,1.3595220927438671
D,chi,down,0.505,1.305812001807931,1.2422776572221426,1.3693463463937197
D,chi,down,0.56,1.290309113463044,1.240374123075371,1.340244103850717
D,chi,down,0.6150000000000001,1.3186142576795845,1.275070276342637,1.362158239016532
D,chi,down,0.6700000000000002,1.3875922246984729,1.34111929088897,1.4340651585079758
D,chi,down,0.7250000000000001,1.4189502962963374,1.3516313443709864,1.4862692482216884
D,chi,down,0.7800000000000001,1.5100276921221045,1.4626813683380329,1.5573740159061762
D,chi,down,0.8350000000000001,1.5443782925639482,1.4972285157841165,1.5915280693437799
D,chi,down,0.8900000000000001,1.6178386963220959,1.574687950849791,1.6609894417944007
D,chi,down,0.9450000000000002,1.695648959147995,1.6465704356760147,1.7447274826199755
D,chi,down,1.0,1.7414722143654338,1.6853157139213402,1.7976287148095274
D,chi,down,1.0550000000000002,1.8109731736716839,1.738703910786676,1.8832424365566918
D,chi,down,1.11,1.8732748469170701,1.8016945013276482,1.944855192506492
D,Rsync,up,0.01,0.3277241050848184,0.29624840842005995,0.3591998017495769
D,Rsync,up,0.065,0.3466063124250037,0.3103260576945945,0.38288656715541297
D,Rsync,up,0.12000000000000001,0.34809506172557636,0.31070070224681035,0.3854894212043424
D,Rsync,up,0.17500000000000004,0.2335002760221537,0.21062241005983234,0.25637814198447506
D,Rsync,up,0.23000000000000004,0.17412549173304298,0.15879820120157753,0.18945278226450843
D,Rsync,up,0.28500000000000003,0.14529779931958414,0.13497980206949206,0.15561579656967622
D,Rsync,up,0.3400000000000001,0.138752387504106,0.12833389702154763,0.1491708779866644
D,Rsync,up,0.3950000000000001,0.1240869884975587,0.11713256203618738,0.13104141495893
D,Rsync,up,0.45000000000000007,0.11635876988772975,0.11023765595155316,0.12247988382390634
D,Rsync,up,0.505,0.11748609737706257,0.11055907912151,0.12441311563261515
D,Rsync,up,0.56,0.11309769091283114,0.10757451874961839,0.1186208630760439
D,Rsync,up,0.6150000000000001,0.10941370162786404,0.10163437311686165,0.11719303013886644
D,Rsync,up,0.6700000000000002,0.10803075086440601,0.09919535500555181,0.11686614672326022
D,Rsync,up,0.7250000000000001,0.10509850661619095,0.09945482471914872,0.11074218851323318
D,Rsync,up,0.7800000000000001,0.10433727475436254,0.09724974480272065,0.11142480470600442
D,Rsync,up,0.8350000000000001,0.10063006550048856,0.09490514731304844,0.10635498368792867
D,Rsync,up,0.8900000000000001,0.09422732490165647,0.08853916396361634,0.0999154858396966
D,Rsync,up,0.9450000000000002,0.10009116473355908,0.09517163670272838,0.10501069276438979
D,Rsync,up,1.0,0.09870936064053829,0.09273841583590461,0.10468030544517196
D,Rsync,up,1.0550000000000002,0.1013944248292357,0.09428175893706017,0.10850709072141124
D,Rsync,up,1.11,0.09824774332954826,0.09244820328456467,0.10404728337453185
D,Rsync,down,0.01,0.30954723754723396,0.2732520688209086,0.34584240627355933
D,Rsync,down,0.065,0.36000764199849855,0.31362366431789473,0.40639161967910237
D,Rsync,down,0.12000000000000001,0.30300128536307636,0.2684928230668581,0.3375097476592946
D,Rsync,down,0.17500000000000004,0.23214123096314676,0.2098084128427585,0.254474049083535
D,Rsync,down,0.23000000000000004,0.18328110855121227,0.16886831485247647,0.19769390224994807
D,Rsync,down,0.28500000000000003,0.1508234453427962,0.13712561478057306,0.16452127590501936
D,Rsync,down,0.3400000000000001,0.1416620652049401,0.13333569010015656,0.14998844030972364
D,Rsync,down,0.3950000000000001,0.1217575434655731,0.11340672436114435,0.13010836257000186
D,Rsync,down,0.45000000000000007,0.11395201483637725,0.10680168820009574,0.12110234147265876
D,Rsync,down,0.505,0.1143854987205832,0.10708819292882048,0.12168280451234594
D,Rsync,down,0.56,0.11091523774068639,0.10386552474718234,0.11796495073419043
D,Rsync,down,0.6150000000000001,0.10134241113934087,0.0941237780307111,0.10856104424797063
D,Rsync,down,0.6700000000000002,0.10869952979940264,0.09955624566692238,0.11784281393188291
D,Rsync,down,0.7250000000000001,0.10179485852853738,0.09346950315801437,0.11012021389906039
D,Rsync,down,0.7800000000000001,0.10051774174156733,0.09455763175919944,0.10647785172393522
D,Rsync,down,0.8350000000000001,0.09961545714376623,0.0938534248183904,0.10537748946914205
D,Rsync,down,0.8900000000000001,0.1009883728781931,0.09582583811610876,0.10615090764027743
D,Rsync,down,0.9450000000000002,0.0970355504685763,0.09342926480470037,0.10064183613245223
D,Rsync,down,1.0,0.09979967026442067,0.09666803532587499,0.10293130520296635
D,Rsync,down,1.0550000000000002,0.10078720055669395,0.09510853242480159,0.1064658686885863
D,Rsync,down,1.11,0.09451964812639597,0.08929575388359641,0.09974354236919554
