condition,observable,alpha,mean,ci_lo,ci_hi
H,ar1,0.01,0.7857347999597808,0.7814831904234623,0.7899864094960993
H,ar1,0.065,0.870589730528339,0.8603505652467612,0.8808288958099167
H,ar1,0.12000000000000001,0.8823004884448796,0.874234727496322,0.8903662493934372
H,ar1,0.17500000000000004,0.84620443620047,0.8296004068109716,0.8628084655899685
H,ar1,0.23000000000000004,0.8109246026754573,0.790675792088938,0.8311734132619766
H,ar1,0.28500000000000003,0.7624946584648885,0.7452821828010118,0.7797071341287652
H,ar1,0.3400000000000001,0.7314514825733606,0.7076601412607303,0.7552428238859908
H,ar1,0.3950000000000001,0.6981952826644876,0.6823760855264503,0.7140144798025249
H,ar1,0.45000000000000007,0.670411981175959,0.6501984315888067,0.6906255307631113
H,ar1,0.505,0.651966366824029,0.6379889199790209,0.6659438136690371
H,ar1,0.56,0.6393448078382755,0.6229648494734858,0.6557247662030652
H,ar1,0.6150000000000001,0.5997071068565019,0.5864688283218691,0.6129453853911346
H,ar1,0.6700000000000002,0.5736074064310936,0.5564202206122106,0.5907945922499767
H,ar1,0.7250000000000001,0.5600099350111079,0.5439607631167069,0.5760591069055088
H,ar1,0.7800000000000001,0.52336634827271,0.5041897813160138,0.5425429152294062
H,ar1,0.8350000000000001,0.5093897096627804,0.486851062884529,0.5319283564410318
H,ar1,0.8900000000000001,0.5029681762570923,0.4857622500149573,0.5201741024992274
H,ar1,0.9450000000000002,0.4744697169797199,0.4570521657619279,0.4918872681975119
H,ar1,1.0,0.4638610535066319,0.44606820327807023,0.4816539037351936
H,ar1,1.0550000000000002,0.43918145790416807,0.4200622798960873,0.45830063591224884
H,ar1,1.11,0.4268159099105245,0.41108151425447736,0.4425503055665716
H,tau,0.01,6.241214249006928,6.1840958974411215,6.298332600572735
H,tau,0.065,8.828524655699464,8.549327375748623,9.107721935650305
H,tau,0.12000000000000001,10.450145870892396,9.932078347290954,10.968213394493837
H,tau,0.17500000000000004,9.148177774857604,8.629735439188105,9.666620110527104
H,tau,0.23000000000000004,8.028006659115409,7.614314768083063,8.441698550147755
H,tau,0.28500000000000003,6.766035523354954,6.525892216913465,7.0061788297964425
H,tau,0.3400000000000001,6.37333968759693,6.07049855339747,6.6761808217963905
H,tau,0.3950000000000001,5.863577788599741,5.694501218700762,6.0326543584987204
H,tau,0.45000000000000007,5.534337621833865,5.333959636035003,5.734715607632728
H,tau,0.505,5.3325143220216535,5.200826958328993,5.464201685714314
H,tau,0.56,5.211552272765998,5.052587118589192,5.370517426942805
H,tau,0.6150000000000001,4.7904417986437995,4.675017972635536,4.905865624652063
H,tau,0.6700000000000002,4.632873306625972,4.511161112946493,4.754585500305451
H,tau,0.7250000000000001,4.5168159070882385,4.394918413253785,4.6387134009226925
H,tau,0.7800000000000001,4.270244742172855,4.151224323720806,4.389265160624904
H,tau,0.8350000000000001,4.1770449766404685,4.045321378625359,4.308768574655578
H,tau,0.8900000000000001,4.099217901111766,4.00336794253204,4.195067859691492
H,tau,0.9450000000000002,3.968562793665857,3.8724789290258435,4.064646658305871
H,tau,1.0,3.8968430255316484,3.808804220196556,3.984881830866741
H,tau,1.0550000000000002,3.7391851716917905,3.6476773842451933,3.830692959138388
H,tau,1.11,3.673546599232514,3.60503653569766,3.7420566627673675
D,ar1,0.01,0.9451204215802145,0.9406552332514974,0.9495856099089316
D,ar1,0.065,0.9575048974001185,0.9531981526401616,0.9618116421600753
D,ar1,0.12000000000000001,0.957008449902145,0.9528953307788066,0.9611215690254833
D,ar1,0.17500000000000004,0.9398867352722293,0.9325768291432338,0.9471966414012248
D,ar1,0.23000000000000004,0.9220377003846494,0.9147764616114535,0.9292989391578452
D,ar1,0.28500000000000003,0.9092282921570826,0.9027821913848048,0.9156743929293604
D,ar1,0.3400000000000001,0.9023505640928043,0.894507251713254,0.9101938764723547
D,ar1,0.3950000000000001,0.8781637979738038,0.8667109782515386,0.889616617696069
D,ar1,0.45000000000000007,0.85622207800447,0.8444516535108713,0.8679925024980688
D,ar1,0.505,0.8545095047437359,0.8399295066424215,0.8690895028450503
D,ar1,0.56,0.8354786960184774,0.8222734202155654,0.8486839718213893
D,ar1,0.6150000000000001,0.8125685642867009,0.7962911105852092,0.8288460179881926
D,ar1,0.6700000000000002,0.8316746145077387,0.8193395016534893,0.8440097273619881
D,ar1,0.7250000000000001,0.8183560462688915,0.8051410515167337,0.8315710410210493
D,ar1,0.7800000000000001,0.7809508072996937,0.764547592672642,0.7973540219267453
D,ar1,0.8350000000000001,0.7874656150042657,0.7693141486639551,0.8056170813445763
D,ar1,0.8900000000000001,0.7736280918555506,0.7643648489712782,0.782891334739823
D,ar1,0.9450000000000002,0.7635550447417857,0.7493867739355429,0.7777233155480285
D,ar1,1.0,0.7623372169930229,0.7494130842352685,0.7752613497507773
D,ar1,1.0550000000000002,0.7530435064896202,0.7395302461856023,0.766556766793638
D,ar1,1.11,0.7449763853516577,0.7292970016275659,0.7606557690757494
D,tau,0.01,14.243490687798133,14.000166411307756,14.48681496428851
D,tau,0.065,17.00849106450259,16.441158502859853,17.575823626145326
D,tau,0.12000000000000001,17.677767089207965,16.976215305866994,18.379318872548936
D,tau,0.17500000000000004,15.572552846615153,14.77298471001297,16.372120983217336
D,tau,0.23000000000000004,14.329964856043086,13.785433542609491,14.87449616947668
D,tau,0.28500000000000003,13.09249884788817,12.697082759478947,13.487914936297392
D,tau,0.3400000000000001,12.93971869852112,12.36705473511192,13.51238266193032
D,tau,0.3950000000000001,11.460662459769768,10.891207823265763,12.030117096273774
D,tau,0.45000000000000007,10.595228311173688,10.189439843034608,11.001016779312769
D,tau,0.505,10.833659500449354,10.371789787921001,11.295529212977707
D,tau,0.56,10.138435466496293,9.682655117807236,10.59421581518535
D,tau,0.6150000000000001,9.24809044417271,8.783079089238946,9.713101799106475
D,tau,0.6700000000000002,9.84327309613644,9.525511584967294,10.161034607305584
D,tau,0.7250000000000001,9.294115715971692,8.942506583501443,9.645724848441942
D,tau,0.7800000000000001,8.356898414089779,7.922287585378941,8.791509242800617
D,tau,0.8350000000000001,8.460859934792051,8.043040241601588,8.878679627982514
D,tau,0.8900000000000001,8.014939348282201,7.807420849090931,8.222457847473471
D,tau,0.9450000000000002,7.840265692541726,7.604000074510578,8.076531310572873
D,tau,1.0,7.75358267831749,7.424020313887235,8.083145042747745
D,tau,1.0550000000000002,7.549442125461219,7.2282513154254175,7.870632935497021
D,tau,1.11,7.31717763117711,7.070595504973036,7.563759757381184
